{
    "config": "/home/jovyan/model/jbnu/my_model/unet/fcn_unet_s5-d16_128x128_40k_chase_db1.py",
    "metric": {
        "aAcc": 0.9929000000000001,
        "mIoU": 0.8256,
        "mAcc": 0.9631000000000001,
        "IoU.background": 0.9927999877929687,
        "IoU.diseases": 0.6583999633789063,
        "Acc.background": 0.9937999725341797,
        "Acc.diseases": 0.9323999786376953
    }
}